Amazon Price <price_amazon> (admin)	Ebay Price <price_ebay> (admin)	Manufacturer's Suggested Retail Price <msrp> (admin)	Price <price> (admin)	SKU <sku>	Special Price <special_price> (admin)
					1
				2000036-BLA	
1199	1199		1199	2000036-BLA-M	899
1199	1199	1799	1199	2000036-BLA-L	899
1199	1199	1799	1199	2000036-BLA-XL	899
1199	1199	1799	1199	2000036-BLA-XXL	899
				2000037-BLA	
1249	1249	1949	1249	2000037-BLA-S	
1249	1249	1949	1249	2000037-BLA-M	
1249	1249	1949	1249	2000037-BLA-L	
1249	1249	1949	1249	2000037-BLA-XL	
1249	1249	1949	1249	2000037-BLA-XXL	
				2000037-LIL	
1249	1249	1949	1249	2000037-LIL-S	
1249	1249	1949	1249	2000037-LIL-M	
1249	1249	1949	1249	2000037-LIL-L	
1249	1249	1949	1249	2000037-LIL-XL	
				2000037-WHI	
1249	1249	1949	1249	2000037-WHI-S	
1249	1249	1949	1249	2000037-WHI-M	
1249	1249	1949	1249	2000037-WHI-L	
1249	1249	1949	1249	2000037-WHI-XL	
				2000038-GRE	
449	449	749	449	2000038-GRE-S	
449	449	749	449	2000038-GRE-M	
449	449	749	449	2000038-GRE-L	
449	449	749	449	2000038-GRE-XL	
				2000038-GRE_1	
449	449	749	449	2000038-GRE-S_1	
449	449	749	449	2000038-GRE-M_1	
449	449	749	449	2000038-GRE-L_1	
449	449	749	449	2000038-GRE-XL_1	
449	449	749	449	2000038-GRE-XXL	
				2000039-BLA	
699	699	1099	699	2000039-BLA-S	
699	699	1099	699	2000039-BLA-M	
699	699	1099	699	2000039-BLA-L	
699	699	1099	699	2000039-BLA-XL	
699	699	1099	699	2000039-BLA-XXL	
				2000040-RED	
299	299	499	299	2000040-RED-M	
299	299	499	299	2000040-RED-L	
299	299	499	299	2000040-RED-XL	
299	299	499	299	2000040-RED-XXL	
				_1	1
				2000041-BLA	
1299	1299	1299	999	2000041-BLA-S	499
1299	1299	1299	999	2000041-BLA-M	499
1299	1299	1299	999	2000041-BLA-L	499
1299	1299	1299	999	2000041-BLA-XL	499
1299	1299	1299	999	2000041-BLA-XXL	499
				2000042-BLU	
1299	1299	1299	999	2000042-BLU-S	499
1299	1299	1299	999	2000042-BLU-L	499
1299	1299	1299	999	2000042-BLU-XL	499
1299	1299	1299	999	2000042-BLU-XXL	499
				2000043-TUR	
1299	1299	1299	999	2000043-TUR-S	499
1299	1299	1299	999	2000043-TUR-M	499
1299	1299	1299	999	2000043-TUR-L	499
1299	1299	1299	999	2000043-TUR-XL	499
				2000044-PIN	
1299	1299	1299	999	2000042-BLU-M	499
1299	1299	1299	999	2000044-PIN-S	499
1299	1299	1299	999	2000044-PIN-M	499
1299	1299	1299	999	2000044-PIN-L	499
1299	1299	1299	999	2000044-PIN-XL	499
				2000045-RED	
1299	1299	1299	999	2000045-RED-S	499
1299	1299	1299	999	2000045-RED-M	499
1299	1299	1299	999	2000045-RED-L	499
1299	1299	1299	999	2000045-RED-XL	499
			1	1234	
			899	1000016_2-S4R-W58/L32	699
			899	1000016_2-S4R-W42/L32	699
			999	2000047-RED-S	499
799		799	899	1000016-B42-W40/L32	649
799		799	899	1000016-B42-W44/L36	649
799		899	899	1000017-BBU-W48/L30	759
			899	1000016_2-S4R-W52/L32	699
			899	1000016_2-S4R-W54/L30	699
			899	1000016_2-S4R-W44/L32	699
799		899	899	1000017-BBU-W44/L32	759
799		799	899	1000016-B42-W42/L36	649
799		899	899	1000017-BBU-W44/L30	759
			119	2000036-BLA-S	899
799		799	899	1000016-B42-W52/L32	649
			899	1000016_2-S4R-W50/L30	699
799		799	899	1000016-B42-W54/L32	649
799		899	899	1000017-BBU-W31/L30	759
799		899	899	1000017-BBU-W31/L32	759
799		899	899	1000017-BBU-W31/L34	759
799		899	899	1000017-BBU-W31/L36	759
799		899	899	1000017-BBU-W32/L30	759
799		899	899	1000017-BBU-W32/L32	759
799		899	899	1000017-BBU-W32/L34	759
799		899	899	1000017-BBU-W32/L36	759
799		899	899	1000017-BBU-W33/L30	759
799		899	899	1000017-BBU-W33/L32	759
799		899	899	1000017-BBU-W33/L34	759
799		899	899	1000017-BBU-W33/L36	759
799		899	899	1000017-BBU-W34/L30	759
799		899	899	1000017-BBU-W34/L32	759
799		899	899	1000017-BBU-W34/L34	759
799		899	899	1000017-BBU-W34/L36	759
799		899	899	1000017-BBU-W34/L38	759
799		899	899	1000017-BBU-W35/L30	759
799		899	899	1000017-BBU-W35/L32	759
799		899	899	1000017-BBU-W35/L34	759
799		899	899	1000017-BBU-W35/L36	759
799		899	899	1000017-BBU-W35/L38	759
799		899	899	1000017-BBU-W36/L30	759
799		899	899	1000017-BBU-W36/L32	759
799		899	899	1000017-BBU-W36/L34	759
799		899	899	1000017-BBU-W36/L36	759
799		899	899	1000017-BBU-W36/L38	759
799		899	899	1000017-BBU-W38/L30	759
799		899	899	1000017-BBU-W38/L32	759
799		899	899	1000017-BBU-W38/L34	759
799		899	899	1000017-BBU-W38/L36	759
799		899	899	1000017-BBU-W38/L38	759
799		899	899	1000017-BBU-W40/L30	759
799		899	899	1000017-BBU-W40/L32	759
799		899	899	1000017-BBU-W40/L34	759
799		899	899	1000017-BBU-W40/L36	759
799		899	899	1000017-BBU-W40/L38	759
799		899	899	1000017-BBU-W42/L30	759
799		899	899	1000017-BBU-W42/L32	759
799		899	899	1000017-BBU-W42/L34	759
799		899	899	1000017-BBU-W42/L36	759
799		899	899	1000017-BBU-W42/L38	759
799		899	899	1000017-BBU-W44/L34	759
799		899	899	1000017-BBU-W44/L36	759
799		899	899	1000017-BBU-W46/L30	759
799		899	899	1000017-BBU-W46/L32	759
799		899	899	1000017-BBU-W46/L34	759
799		899	899	1000017-BBU-W46/L36	759
799		899	899	1000017-BBU-W48/L32	759
799		899	899	1000017-BBU-W48/L34	759
799		899	899	1000017-BBU-W48/L36	759
799		899	899	1000017-BBU-W50/L30	759
799		899	899	1000017-BBU-W50/L32	759
799		899	899	1000017-BBU-W50/L34	759
799		899	899	1000017-BBU-W50/L36	759
799		899	899	1000017-BBU-W52/L30	759
799		899	899	1000017-BBU-W52/L32	759
799		899	899	1000017-BBU-W52/L34	759
799		899	899	1000017-BBU-W54/L30	759
799		899	899	1000017-BBU-W54/L32	759
799		899	899	1000017-BBU-W54/L34	759
799		899	899	1000017-BBU-W56/L30	759
799		899	899	1000017-BBU-W56/L32	759
799		899	899	1000017-BBU-W56/L34	759
		899	899	1000017-BB0	759
749		899	899	1000017-BB0-W31/L30	759
749		899	899	1000017-BB0-W31/L32	759
749		899	899	1000017-BB0-W31/L34	759
749		899	899	1000017-BB0-W31/L36	759
749		899	899	1000017-BB0-W32/L30	759
749		899	899	1000017-BB0-W32/L32	759
749		899	899	1000017-BB0-W32/L34	759
749		899	899	1000017-BB0-W32/L36	759
749		899	899	1000017-BB0-W33/L30	759
749		899	899	1000017-BB0-W33/L32	759
749		899	899	1000017-BB0-W33/L34	759
749		899	899	1000017-BB0-W33/L36	759
749		899	899	1000017-BB0-W34/L30	759
749		899	899	1000017-BB0-W34/L32	759
749		899	899	1000017-BB0-W34/L34	759
749		899	899	1000017-BB0-W34/L36	759
749		899	899	1000017-BB0-W34/L38	759
749		899	899	1000017-BB0-W35/L30	759
749		899	899	1000017-BB0-W35/L32	759
749		899	899	1000017-BB0-W35/L34	759
749		899	899	1000017-BB0-W35/L36	759
749		899	899	1000017-BB0-W35/L38	759
749		899	899	1000017-BB0-W36/L30	759
749		899	899	1000017-BB0-W36/L32	759
749		899	899	1000017-BB0-W36/L34	759
749		899	899	1000017-BB0-W36/L36	759
749		899	899	1000017-BB0-W36/L38	759
749		899	899	1000017-BB0-W38/L30	759
749		899	899	1000017-BB0-W38/L32	759
749		899	899	1000017-BB0-W38/L34	759
749		899	899	1000017-BB0-W38/L36	759
749		899	899	1000017-BB0-W38/L38	759
749		899	899	1000017-BB0-W40/L30	759
749		899	899	1000017-BB0-W40/L32	759
749		899	899	1000017-BB0-W40/L34	759
749		899	899	1000017-BB0-W40/L36	759
749		899	899	1000017-BB0-W40/L38	759
749		899	899	1000017-BB0-W42/L30	759
749		899	899	1000017-BB0-W42/L32	759
749		899	899	1000017-BB0-W42/L34	759
749		899	899	1000017-BB0-W42/L36	759
749		899	899	1000017-BB0-W42/L38	759
749		899	899	1000017-BB0-W44/L30	759
749		899	899	1000017-BB0-W44/L32	759
749		899	899	1000017-BB0-W44/L34	759
749		899	899	1000017-BB0-W44/L36	759
749		899	899	1000017-BB0-W46/L30	759
749		899	899	1000017-BB0-W46/L32	759
749		899	899	1000017-BB0-W46/L34	759
749		899	899	1000017-BB0-W46/L36	759
749		899	899	1000017-BB0-W48/L30	759
749		899	899	1000017-BB0-W48/L32	759
749		899	899	1000017-BB0-W48/L34	759
749		899	899	1000017-BB0-W48/L36	759
749		899	899	1000017-BB0-W50/L30	759
749		899	899	1000017-BB0-W50/L32	759
749		899	899	1000017-BB0-W50/L34	759
749		899	899	1000017-BB0-W50/L36	759
749		899	899	1000017-BB0-W52/L30	759
749		899	899	1000017-BB0-W52/L32	759
749		899	899	1000017-BB0-W52/L34	759
749		899	899	1000017-BB0-W54/L30	759
749		899	899	1000017-BB0-W54/L32	759
749		899	899	1000017-BB0-W54/L34	759
749		899	899	1000017-BB0-W56/L30	759
749		899	899	1000017-BB0-W56/L32	759
749		899	899	1000017-BB0-W56/L34	759
			899	1000016-S4R	699
749		899	899	1000016-S4R-W30/L30	699
749		899	899	1000016-S4R-W30/L32	699
749		899	899	1000016-S4R-W30/L34	699
749		999	899	1000016-S4R-W31/L30	699
749		899	899	1000016-S4R-W31/L32	699
749		899	899	1000016-S4R-W31/L34	699
749		899	899	1000016-S4R-W32/L30	699
749		999	899	1000016-S4R-W32/L32	699
749		899	899	1000016-S4R-W32/L34	699
749		899	899	1000016-S4R-W32/L36	699
749		899	899	1000016-S4R-W33/L30	699
749		999	899	1000016-S4R-W33/L32	699
749		899	899	1000016-S4R-W33/L34	699
749		899	899	1000016-S4R-W33/L36	699
749		899	899	1000016-S4R-W33/L38	699
749		999	899	1000016-S4R-W34/L30	699
749		999	899	1000016-S4R-W34/L32	699
749		899	899	1000016-S4R-W34/L34	699
749		899	899	1000016-S4R-W34/L36	699
749		899	899	1000016-S4R-W34/L38	699
749		999	899	1000016-S4R-W35/L30	699
749		999	899	1000016-S4R-W35/L32	699
749		899	899	1000016-S4R-W35/L34	699
749		899	899	1000016-S4R-W35/L36	699
749		899	899	1000016-S4R-W35/L38	699
749		999	899	1000016-S4R-W36/L30	699
749		999	899	1000016-S4R-W36/L32	699
749		899	899	1000016-S4R-W36/L34	699
749		899	899	1000016-S4R-W36/L36	699
749		899	899	1000016-S4R-W36/L38	699
749		999	899	1000016-S4R-W38/L30	699
749		999	899	1000016-S4R-W38/L32	699
749		899	899	1000016-S4R-W38/L34	699
749		899	899	1000016-S4R-W38/L36	699
749		899	899	1000016-S4R-W38/L38	699
749		999	899	1000016-S4R-W40/L30	699
749		999	899	1000016-S4R-W40/L32	699
749		899	899	1000016-S4R-W40/L34	699
749		899	899	1000016-S4R-W40/L36	699
749		899	899	1000016-S4R-W40/L38	699
749		999	899	1000016-S4R-W42/L30	699
749		999	899	1000016-S4R-W42/L32	699
749		899	899	1000016-S4R-W42/L34	699
749		899	899	1000016-S4R-W42/L36	699
749		899	899	1000016-S4R-W42/L38	699
749		999	899	1000016-S4R-W44/L30	699
749		999	899	1000016-S4R-W44/L32	699
749		899	899	1000016-S4R-W44/L34	699
749		899	899	1000016-S4R-W44/L36	699
749		899	899	1000016-S4R-W44/L38	699
749		999	899	1000016-S4R-W46/L30	699
749		999	899	1000016-S4R-W46/L32	699
749		899	899	1000016-S4R-W46/L34	699
749		899	899	1000016-S4R-W46/L36	699
749		899	899	1000016-S4R-W48/L30	699
749		999	899	1000016-S4R-W48/L32	699
749		899	899	1000016-S4R-W48/L34	699
749		899	899	1000016-S4R-W48/L36	699
749		899	899	1000016-S4R-W50/L30	699
749		999	899	1000016-S4R-W50/L32	699
749		999	899	1000016-S4R-W50/L34	699
749		999	899	1000016-S4R-W50/L36	699
749		999	899	1000016-S4R-W52/L30	699
749		999	899	1000016-S4R-W52/L32	699
749		999	899	1000016-S4R-W52/L34	699
749		999	899	1000016-S4R-W54/L30	699
749		999	899	1000016-S4R-W54/L32	699
749		999	899	1000016-S4R-W54/L34	699
749		999	899	1000016-S4R-W56/L30	699
749		999	899	1000016-S4R-W56/L32	699
749		999	899	1000016-S4R-W56/L34	699
749		999	899	1000016-S4R-W58/L30	699
749		999	899	1000016-S4R-W58/L32	699
749		999	899	1000016-S4R-W58/L34	699
749		999	899	1000016-S4R-W60/L30	699
749		999	899	1000016-S4R-W60/L32	699
749		999	899	1000016-S4R-W60/L34	699
			899	1000016-S2R	699
699		899	899	1000016-S2R-W30/L30	699
699		899	899	1000016-S2R-W30/L32	699
699		899	899	1000016-S2R-W30/L34	699
699		999	899	1000016-S2R-W31/L30	699
699		899	899	1000016-S2R-W31/L32	699
699		899	899	1000016-S2R-W31/L34	699
699		899	899	1000016-S2R-W32/L30	699
699		999	899	1000016-S2R-W32/L32	699
699		899	899	1000016-S2R-W32/L34	699
699		899	899	1000016-S2R-W32/L36	699
699		899	899	1000016-S2R-W33/L30	699
699		999	899	1000016-S2R-W33/L32	699
699		899	899	1000016-S2R-W33/L34	699
699		899	899	1000016-S2R-W33/L36	699
699		899	899	1000016-S2R-W33/L38	699
699		999	899	1000016-S2R-W34/L30	699
699		999	899	1000016-S2R-W34/L32	699
699		899	899	1000016-S2R-W34/L34	699
699		899	899	1000016-S2R-W34/L36	699
699		899	899	1000016-S2R-W34/L38	699
699		999	899	1000016-S2R-W35/L30	699
699		999	899	1000016-S2R-W35/L32	699
699		899	899	1000016-S2R-W35/L34	699
699		899	899	1000016-S2R-W35/L36	699
699		899	899	1000016-S2R-W35/L38	699
699		999	899	1000016-S2R-W36/L30	699
699		999	899	1000016-S2R-W36/L32	699
699		899	899	1000016-S2R-W36/L34	699
699		899	899	1000016-S2R-W36/L36	699
699		899	899	1000016-S2R-W36/L38	699
699		999	899	1000016-S2R-W38/L30	699
699		999	899	1000016-S2R-W38/L32	699
699		899	899	1000016-S2R-W38/L34	699
699		899	899	1000016-S2R-W38/L36	699
699		899	899	1000016-S2R-W38/L38	699
699		999	899	1000016-S2R-W40/L30	699
699		999	899	1000016-S2R-W40/L32	699
699		899	899	1000016-S2R-W40/L34	699
699		899	899	1000016-S2R-W40/L36	699
699		899	899	1000016-S2R-W40/L38	699
699		999	899	1000016-S2R-W42/L30	699
699		999	899	1000016-S2R-W42/L32	699
699		899	899	1000016-S2R-W42/L34	699
699		899	899	1000016-S2R-W42/L36	699
699		899	899	1000016-S2R-W42/L38	699
699		999	899	1000016-S2R-W44/L30	699
699		999	899	1000016-S2R-W44/L32	699
699		899	899	1000016-S2R-W44/L34	699
699		899	899	1000016-S2R-W44/L36	699
699		899	899	1000016-S2R-W44/L38	699
699		999	899	1000016-S2R-W46/L30	699
699		999	899	1000016-S2R-W46/L32	699
699		899	899	1000016-S2R-W46/L34	699
699		899	899	1000016-S2R-W46/L36	699
699		899	899	1000016-S2R-W48/L30	699
699		999	899	1000016-S2R-W48/L32	699
699		899	899	1000016-S2R-W48/L34	699
699		899	899	1000016-S2R-W48/L36	699
699		899	899	1000016-S2R-W50/L30	699
699		999	899	1000016-S2R-W50/L32	699
699		999	899	1000016-S2R-W50/L34	699
699		999	899	1000016-S2R-W50/L36	699
699		999	899	1000016-S2R-W52/L30	699
699		999	899	1000016-S2R-W52/L32	699
699		999	899	1000016-S2R-W52/L34	699
699		999	899	1000016-S2R-W54/L30	699
699		999	899	1000016-S2R-W54/L32	699
699		999	899	1000016-S2R-W54/L34	699
699		999	899	1000016-S2R-W56/L30	699
699		999	899	1000016-S2R-W56/L32	699
699		999	899	1000016-S2R-W56/L34	699
699		999	899	1000016-S2R-W58/L30	699
699		999	899	1000016-S2R-W58/L32	699
699		999	899	1000016-S2R-W58/L34	699
699		999	899	1000016-S2R-W60/L30	699
699		999	899	1000016-S2R-W60/L32	699
699		999	899	1000016-S2R-W60/L34	699
			899	1000016-B42	649
799		799	899	1000016-B42-W30/L30	649
799		799	899	1000016-B42-W30/L32	649
799		799	899	1000016-B42-W30/L34	649
799		799	899	1000016-B42-W31/L30	649
799		799	899	1000016-B42-W31/L32	649
799		799	899	1000016-B42-W31/L34	649
799		799	899	1000016-B42-W32/L30	649
799		799	899	1000016-B42-W32/L32	649
799		799	899	1000016-B42-W32/L34	649
799		799	899	1000016-B42-W32/L36	649
799		799	899	1000016-B42-W33/L30	649
799		799	899	1000016-B42-W33/L32	649
799		799	899	1000016-B42-W33/L34	649
799		799	899	1000016-B42-W33/L36	649
799		799	799	1000016-B42-W33/L38	
799		799	899	1000016-B42-W34/L30	649
799		799	899	1000016-B42-W34/L32	649
799		799	899	1000016-B42-W34/L34	649
799		799	899	1000016-B42-W34/L36	649
799		799	799	1000016-B42-W34/L38	
799		799	899	1000016-B42-W35/L30	649
799		799	899	1000016-B42-W35/L32	649
799		799	899	1000016-B42-W35/L34	649
799		799	899	1000016-B42-W35/L36	649
799		799	799	1000016-B42-W35/L38	
799		799	899	1000016-B42-W36/L30	649
799		799	899	1000016-B42-W36/L32	649
799		799	899	1000016-B42-W36/L34	649
799		799	899	1000016-B42-W36/L36	649
799		799	799	1000016-B42-W36/L38	
799		799	899	1000016-B42-W38/L30	649
799		799	899	1000016-B42-W38/L32	649
799		799	899	1000016-B42-W38/L34	649
799		799	899	1000016-B42-W38/L36	649
799		799	799	1000016-B42-W38/L38	
799		799	899	1000016-B42-W40/L30	649
799		799	899	1000016-B42-W40/L34	649
799		799	899	1000016-B42-W40/L36	649
799		799	799	1000016-B42-W40/L38	
799		799	899	1000016-B42-W42/L30	649
799		799	899	1000016-B42-W42/L32	649
799		799	899	1000016-B42-W42/L34	649
799		799	799	1000016-B42-W42/L38	
799		799	899	1000016-B42-W44/L30	649
799		799	899	1000016-B42-W44/L32	649
799		799	899	1000016-B42-W44/L34	649
799		799	799	1000016-B42-W44/L38	
799		799	899	1000016-B42-W46/L30	649
799		799	899	1000016-B42-W46/L32	649
799		799	899	1000016-B42-W46/L34	649
799		799	899	1000016-B42-W46/L36	649
799		799	799	1000016-B42-W48/L30	
799		799	899	1000016-B42-W48/L32	649
799		799	899	1000016-B42-W48/L34	649
799		799	899	1000016-B42-W48/L36	649
799		799	799	1000016-B42-W50/L30	
799		799	899	1000016-B42-W50/L32	649
799		799	899	1000016-B42-W50/L34	649
799		799	799	1000016-B42-W50/L36	
799		799	799	1000016-B42-W52/L30	
799		799	899	1000016-B42-W52/L34	649
799		799	899	1000016-B42-W54/L30	649
799		799	899	1000016-B42-W54/L34	649
799		799	799	1000016-B42-W56/L30	
799		799	899	1000016-B42-W56/L32	649
799		799	899	1000016-B42-W56/L34	649
799		799	799	1000016-B42-W58/L30	
799		799	899	1000016-B42-W58/L32	649
799		799	899	1000016-B42-W58/L34	649
799		799	799	1000016-B42-W60/L30	
799		799	899	1000016-B42-W60/L32	649
799		799	899	1000016-B42-W60/L34	649
			899	1000016-B22	649
699		899	899	1000016-B22-W30/L30	649
699		899	899	1000016-B22-W30/L32	649
699		899	899	1000016-B22-W30/L34	649
699		899	899	1000016-B22-W31/L30	649
699		899	899	1000016-B22-W31/L32	649
699		899	899	1000016-B22-W31/L34	649
699		899	899	1000016-B22-W32/L30	649
699		899	899	1000016-B22-W32/L32	649
699		899	899	1000016-B22-W32/L34	649
699		899	899	1000016-B22-W32/L36	649
699		899	899	1000016-B22-W33/L30	649
699		899	899	1000016-B22-W33/L32	649
699		899	899	1000016-B22-W33/L34	649
699		899	899	1000016-B22-W33/L36	649
699		899	899	1000016-B22-W33/L38	649
699		899	899	1000016-B22-W34/L30	649
699		899	899	1000016-B22-W34/L32	649
699		899	899	1000016-B22-W34/L34	649
699		899	899	1000016-B22-W34/L36	649
699		899	899	1000016-B22-W34/L38	649
699		899	899	1000016-B22-W35/L30	649
699		899	899	1000016-B22-W35/L32	649
699		899	899	1000016-B22-W35/L34	649
699		899	899	1000016-B22-W35/L36	649
699		899	899	1000016-B22-W35/L38	649
699		899	899	1000016-B22-W36/L30	649
699		899	899	1000016-B22-W36/L32	649
699		899	899	1000016-B22-W36/L34	649
699		899	899	1000016-B22-W36/L36	649
699		899	899	1000016-B22-W36/L38	649
699		899	899	1000016-B22-W38/L30	649
699		899	899	1000016-B22-W38/L32	649
699		899	899	1000016-B22-W38/L34	649
699		899	899	1000016-B22-W38/L36	649
699		899	899	1000016-B22-W38/L38	649
699		899	899	1000016-B22-W40/L30	649
699		899	899	1000016-B22-W40/L32	649
699		899	899	1000016-B22-W40/L34	649
699		899	899	1000016-B22-W40/L36	649
699		899	899	1000016-B22-W40/L38	649
699		899	899	1000016-B22-W42/L30	649
699		899	899	1000016-B22-W42/L32	649
699		899	899	1000016-B22-W42/L34	649
699		899	899	1000016-B22-W42/L36	649
699		899	899	1000016-B22-W42/L38	649
699		899	899	1000016-B22-W44/L30	649
699		899	899	1000016-B22-W44/L32	649
699		899	899	1000016-B22-W44/L34	649
699		899	899	1000016-B22-W44/L36	649
699		899	899	1000016-B22-W44/L38	649
699		899	899	1000016-B22-W46/L30	649
699		899	899	1000016-B22-W46/L32	649
699		899	899	1000016-B22-W46/L34	649
699		899	899	1000016-B22-W46/L36	649
699		899	899	1000016-B22-W48/L30	649
699		899	899	1000016-B22-W48/L32	649
699		899	899	1000016-B22-W48/L34	649
699		899	899	1000016-B22-W48/L36	649
699		899	899	1000016-B22-W50/L30	649
699		899	899	1000016-B22-W50/L32	649
699		899	899	1000016-B22-W50/L34	649
699		899	899	1000016-B22-W50/L36	649
699		899	899	1000016-B22-W52/L30	649
699		899	899	1000016-B22-W52/L32	649
699		899	899	1000016-B22-W52/L34	649
699		899	899	1000016-B22-W54/L30	649
699		899	899	1000016-B22-W54/L32	649
699		899	899	1000016-B22-W54/L34	649
699		899	899	1000016-B22-W56/L30	649
699		899	899	1000016-B22-W56/L32	649
699		899	899	1000016-B22-W56/L34	649
699		899	899	1000016-B22-W58/L30	649
699		899	899	1000016-B22-W58/L32	649
699		899	899	1000016-B22-W58/L34	649
699		899	899	1000016-B22-W60/L30	649
699		899	899	1000016-B22-W60/L32	649
699		899	899	1000016-B22-W60/L34	649
			899	1000016-B46	699
899		899	899	1000016-B46-W30/L30	699
899		899	899	1000016-B46-W30/L32	699
899		899	899	1000016-B46-W30/L34	699
899		899	899	1000016-B46-W31/L30	699
899		899	899	1000016-B46-W31/L32	699
899		899	899	1000016-B46-W31/L34	699
899		899	899	1000016-B46-W32/L30	699
899		899	899	1000016-B46-W32/L32	699
899		899	899	1000016-B46-W32/L34	699
899		899	899	1000016-B46-W32/L36	699
899		899	899	1000016-B46-W33/L30	699
899		899	899	1000016-B46-W33/L32	699
899		899	899	1000016-B46-W33/L34	699
899		899	899	1000016-B46-W33/L36	699
899		899	899	1000016-B46-W33/L38	699
899		899	899	1000016-B46-W34/L30	699
899		899	899	1000016-B46-W34/L32	699
899		899	899	1000016-B46-W34/L34	699
899		899	899	1000016-B46-W34/L36	699
899		899	899	1000016-B46-W34/L38	699
899		899	899	1000016-B46-W35/L30	699
899		899	899	1000016-B46-W35/L32	699
899		899	899	1000016-B46-W35/L34	699
899		899	899	1000016-B46-W35/L36	699
899		899	899	1000016-B46-W35/L38	699
899		899	899	1000016-B46-W36/L30	699
899		899	899	1000016-B46-W36/L32	699
899		899	899	1000016-B46-W36/L34	699
899		899	899	1000016-B46-W36/L36	699
899		899	899	1000016-B46-W36/L38	699
899		899	899	1000016-B46-W38/L30	699
899		899	899	1000016-B46-W38/L32	699
899		899	899	1000016-B46-W38/L34	699
899		899	899	1000016-B46-W38/L36	699
899		899	899	1000016-B46-W38/L38	699
899		899	899	1000016-B46-W40/L30	699
899		899	899	1000016-B46-W40/L32	699
899		899	899	1000016-B46-W40/L34	699
899		899	899	1000016-B46-W40/L36	699
899		899	899	1000016-B46-W40/L38	699
899		899	899	1000016-B46-W42/L30	699
899		899	899	1000016-B46-W42/L32	699
899		899	899	1000016-B46-W42/L34	699
899		899	899	1000016-B46-W42/L36	699
899		899	899	1000016-B46-W42/L38	699
899		899	899	1000016-B46-W44/L30	699
899		899	899	1000016-B46-W44/L32	699
899		899	899	1000016-B46-W44/L34	699
899		899	899	1000016-B46-W44/L36	699
899		899	899	1000016-B46-W44/L38	699
899		899	899	1000016-B46-W46/L30	699
899		899	899	1000016-B46-W46/L32	699
899		899	899	1000016-B46-W46/L34	699
899		899	899	1000016-B46-W46/L36	699
899		899	899	1000016-B46-W48/L30	699
899		899	899	1000016-B46-W48/L32	699
899		899	899	1000016-B46-W48/L34	699
899		899	899	1000016-B46-W48/L36	699
899		899	899	1000016-B46-W50/L30	699
899		899	899	1000016-B46-W50/L32	699
899		899	899	1000016-B46-W50/L34	699
899		899	899	1000016-B46-W50/L36	699
899		899	899	1000016-B46-W52/L30	699
899		899	899	1000016-B46-W52/L32	699
899		899	899	1000016-B46-W52/L34	699
899		899	899	1000016-B46-W54/L30	699
899		899	899	1000016-B46-W54/L32	699
899		899	899	1000016-B46-W54/L34	699
899		899	899	1000016-B46-W56/L30	699
899		899	899	1000016-B46-W56/L32	699
899		899	899	1000016-B46-W56/L34	699
899		899	899	1000016-B46-W58/L30	699
899		899	899	1000016-B46-W58/L32	699
899		899	899	1000016-B46-W58/L34	699
899		899	899	1000016-B46-W60/L30	699
899		899	899	1000016-B46-W60/L32	699
899		899	899	1000016-B46-W60/L34	699
			899	1000016-B66	699
899		899	899	1000016-B66-W30/L30	699
899		899	899	1000016-B66-W30/L32	699
899		899	899	1000016-B66-W30/L34	699
899		899	899	1000016-B66-W31/L30	699
899		899	899	1000016-B66-W31/L32	699
899		899	899	1000016-B66-W31/L34	699
899		899	899	1000016-B66-W32/L30	699
899		899	899	1000016-B66-W32/L32	699
899		899	899	1000016-B66-W32/L34	699
899		899	899	1000016-B66-W32/L36	699
899		899	899	1000016-B66-W33/L30	699
899		899	899	1000016-B66-W33/L32	699
899		899	899	1000016-B66-W33/L34	699
899		899	899	1000016-B66-W33/L36	699
899		899	899	1000016-B66-W33/L38	699
899		899	899	1000016-B66-W34/L30	699
899		899	899	1000016-B66-W34/L32	699
899		899	899	1000016-B66-W34/L34	699
899		899	899	1000016-B66-W34/L36	699
899		899	899	1000016-B66-W34/L38	699
899		899	899	1000016-B66-W35/L30	699
899		899	899	1000016-B66-W35/L32	699
899		899	899	1000016-B66-W35/L34	699
899		899	899	1000016-B66-W35/L36	699
899		899	899	1000016-B66-W35/L38	699
899		899	899	1000016-B66-W36/L30	699
899		899	899	1000016-B66-W36/L32	699
899		899	899	1000016-B66-W36/L34	699
899		899	899	1000016-B66-W36/L36	699
899		899	899	1000016-B66-W36/L38	699
899		899	899	1000016-B66-W38/L30	699
899		899	899	1000016-B66-W38/L32	699
899		899	899	1000016-B66-W38/L34	699
899		899	899	1000016-B66-W38/L36	699
899		899	899	1000016-B66-W38/L38	699
899		899	899	1000016-B66-W40/L30	699
899		899	899	1000016-B66-W40/L32	699
899		899	899	1000016-B66-W40/L34	699
899		899	899	1000016-B66-W40/L36	699
899		899	899	1000016-B66-W40/L38	699
899		899	899	1000016-B66-W42/L30	699
899		899	899	1000016-B66-W42/L32	699
899		899	899	1000016-B66-W42/L34	699
899		899	899	1000016-B66-W42/L36	699
899		899	899	1000016-B66-W42/L38	699
899		899	899	1000016-B66-W44/L30	699
899		899	899	1000016-B66-W44/L32	699
899		899	899	1000016-B66-W44/L34	699
899		899	899	1000016-B66-W44/L36	699
899		899	899	1000016-B66-W44/L38	699
899		899	899	1000016-B66-W46/L30	699
899		899	899	1000016-B66-W46/L32	699
899		899	899	1000016-B66-W46/L34	699
899		899	899	1000016-B66-W46/L36	699
899		899	899	1000016-B66-W48/L30	699
899		899	899	1000016-B66-W48/L32	699
899		899	899	1000016-B66-W48/L34	699
899		899	899	1000016-B66-W48/L36	699
899		899	899	1000016-B66-W50/L30	699
899		899	899	1000016-B66-W50/L32	699
899		899	899	1000016-B66-W50/L34	699
899		899	899	1000016-B66-W50/L36	699
899		899	899	1000016-B66-W52/L30	699
899		899	899	1000016-B66-W52/L32	699
899		899	899	1000016-B66-W52/L34	699
899		899	899	1000016-B66-W54/L30	699
899		899	899	1000016-B66-W54/L32	699
899		899	899	1000016-B66-W54/L34	699
899		899	899	1000016-B66-W56/L30	699
899		899	899	1000016-B66-W56/L32	699
899		899	899	1000016-B66-W56/L34	699
899		899	899	1000016-B66-W58/L30	699
899		899	899	1000016-B66-W58/L32	699
899		899	899	1000016-B66-W58/L34	699
899		899	899	1000016-B66-W60/L30	699
899		899	899	1000016-B66-W60/L32	699
899		899	899	1000016-B66-W60/L34	699
		799	899	1000016_2-S4R-W44/L30	699
1199	1199	1799	1199	2000036-BLA-3XL	899
		899	899	1000016-B46_2	
		899	899	1000016-B46_2-L26-W30	
			899	1000016_2-B42-W48/L32	649
		899	899	1000017_2-BB0-W38/L32	759
			899	1000016_2-B22-W38/L34	649
			899	1000016_2-S4R-W48/L32	699
			899	1000016_2-B22-W32/L36	649
			899	1000016_2-B42-W34/L34	649
		899	899	1000017_2-BB0-W42/L36	759
			899	1000016_2-S4R-W60/L30	699
		899	899	1000017_2-BB0-W50/L32	759
			899	1000016_2-B22-W54/L30	649
			999	2000047-TUR-S	499
			899	1000016_2-S4R-W35/L32	699
			899	1000016_2-S4R-W44/L36	699
		899	899	1000017_2-BB0-W31/L36	759
			899	1000016_2-S4R-W48/L30	699
			899	1000016_2-B42-W36/L30	649
			899	1000016_2-S4R-W54/L32	699
			Default		
			Default		
			999	2000047-BLU-XXL	499
			999	2000047-RED-XL	499
			899	1000016_2-B42-W44/L34	649
			Default		
		899	899	1000017_2-BB0-W38/L36	759
		899	899	1000017_2-BB0-W40/L36	759
			899	1000016_2-B42-W58/L30	649
			Default		
		499	499	1000018-BLA	
		499	499	1000018-BLA-L31-W36	
			Default		
			899	1000016_2-S4R-W58/L30	699
			899	1000016_2-S4R-W46/L30	699
			899	1000016_2-S4R-W42/L36	699
			Default		
			899	1000016_2-B42-W60/L30	649
			899	1000016_2-B42-W56/L30	649
			999	2000047-BLU-S	549
		899	899	1000017_2-BB0-W35/L36	759
			Default		
			Default		
			899	1000016_2-B22-W36/L32	649
			899	1000016_2-B42-W38/L32	649
			899	1000016_2-B22-W38/L32	649
			899	1000016_2-S4R-W42/L30	699
			Default		
			899	1000016_2-B42-W44/L30	649
		899	899	1000017_2-BB0-W38/L30	759
			899	1000016_2-S4R-W56/L32	699
		899	899	1000017_2-BB0-W42/L30	759
			899	1000016_2-B22	649
			899	1000016_2-B22-W30/L30	649
			899	1000016_2-B22-W30/L32	649
			899	1000016_2-B22-W30/L34	649
			899	1000016_2-B22-W31/L30	649
			899	1000016_2-B22-W31/L32	649
			899	1000016_2-B22-W31/L34	649
			899	1000016_2-B22-W32/L30	649
			899	1000016_2-B22-W32/L32	649
			899	1000016_2-B22-W32/L34	649
			899	1000016_2-B22-W33/L30	649
			899	1000016_2-B22-W33/L32	649
			899	1000016_2-B22-W33/L34	649
			899	1000016_2-B22-W33/L36	649
			899	1000016_2-B22-W33/L38	649
			899	1000016_2-B22-W34/L30	649
			899	1000016_2-B22-W34/L32	649
			899	1000016_2-B22-W34/L34	649
			899	1000016_2-B22-W34/L36	649
			899	1000016_2-B22-W34/L38	649
			899	1000016_2-B22-W35/L30	649
			899	1000016_2-B22-W35/L32	649
			899	1000016_2-B22-W35/L34	649
			899	1000016_2-B22-W35/L36	649
			899	1000016_2-B22-W35/L38	649
			899	1000016_2-B22-W36/L30	649
			899	1000016_2-B22-W36/L34	649
			899	1000016_2-B22-W36/L36	649
			899	1000016_2-B22-W36/L38	649
			899	1000016_2-B22-W38/L30	649
			899	1000016_2-B22-W38/L36	649
			899	1000016_2-B22-W38/L38	649
			899	1000016_2-B22-W40/L30	649
			899	1000016_2-B22-W40/L32	649
			899	1000016_2-B22-W40/L34	649
			899	1000016_2-B22-W40/L36	649
			899	1000016_2-B22-W40/L38	649
			899	1000016_2-B22-W42/L30	649
			899	1000016_2-B22-W42/L32	649
			899	1000016_2-B22-W42/L34	649
			899	1000016_2-B22-W42/L36	649
			899	1000016_2-B22-W42/L38	649
			899	1000016_2-B22-W44/L30	649
			899	1000016_2-B22-W44/L32	649
			899	1000016_2-B22-W44/L34	649
			899	1000016_2-B22-W44/L36	649
			899	1000016_2-B22-W44/L38	649
			899	1000016_2-B22-W46/L30	649
			899	1000016_2-B22-W46/L32	649
			899	1000016_2-B22-W46/L34	649
			899	1000016_2-B22-W46/L36	649
			899	1000016_2-B22-W48/L30	649
			899	1000016_2-B22-W48/L32	649
			899	1000016_2-B22-W48/L34	649
			899	1000016_2-B22-W48/L36	649
			899	1000016_2-B22-W50/L30	649
			899	1000016_2-B22-W50/L32	649
			899	1000016_2-B22-W50/L34	649
			899	1000016_2-B22-W50/L36	649
			899	1000016_2-B22-W52/L30	649
			899	1000016_2-B22-W52/L32	649
			899	1000016_2-B22-W52/L34	649
			899	1000016_2-B22-W54/L32	649
			899	1000016_2-B22-W54/L34	649
			899	1000016_2-B22-W56/L30	649
			899	1000016_2-B22-W56/L32	649
			899	1000016_2-B22-W56/L34	649
			899	1000016_2-B22-W58/L30	649
			899	1000016_2-B22-W58/L32	649
			899	1000016_2-B22-W58/L34	649
			899	1000016_2-B22-W60/L30	649
			899	1000016_2-B22-W60/L32	649
			899	1000016_2-B22-W60/L34	649
			899	1000016_2-B42	649
			899	1000016_2-B42-W30/L30	649
			899	1000016_2-B42-W30/L32	649
			899	1000016_2-B42-W30/L34	649
			899	1000016_2-B42-W31/L30	649
			899	1000016_2-B42-W31/L32	649
			899	1000016_2-B42-W31/L34	649
			899	1000016_2-B42-W32/L30	649
			899	1000016_2-B42-W32/L32	649
			899	1000016_2-B42-W32/L34	649
			899	1000016_2-B42-W32/L36	649
			899	1000016_2-B42-W33/L30	649
			899	1000016_2-B42-W33/L32	649
			899	1000016_2-B42-W33/L34	649
			899	1000016_2-B42-W33/L36	649
			899	1000016_2-B42-W34/L30	649
			899	1000016_2-B42-W34/L32	649
			899	1000016_2-B42-W34/L36	649
			899	1000016_2-B42-W35/L30	649
			899	1000016_2-B42-W35/L32	649
			899	1000016_2-B42-W35/L34	649
			899	1000016_2-B42-W35/L36	649
			899	1000016_2-B42-W36/L32	649
			899	1000016_2-B42-W36/L34	649
			899	1000016_2-B42-W36/L36	649
			899	1000016_2-B42-W38/L30	649
			899	1000016_2-B42-W38/L34	649
			899	1000016_2-B42-W38/L36	649
			899	1000016_2-B42-W40/L30	649
			899	1000016_2-B42-W40/L32	649
			899	1000016_2-B42-W40/L34	649
			899	1000016_2-B42-W40/L36	649
			899	1000016_2-B42-W42/L30	649
			899	1000016_2-B42-W42/L32	649
			899	1000016_2-B42-W42/L34	649
			899	1000016_2-B42-W42/L36	649
			899	1000016_2-B42-W44/L32	649
			899	1000016_2-B42-W44/L36	649
			899	1000016_2-B42-W46/L30	649
			899	1000016_2-B42-W46/L32	649
			899	1000016_2-B42-W46/L34	649
			899	1000016_2-B42-W46/L36	649
			899	1000016_2-B42-W48/L30	649
			899	1000016_2-B42-W48/L34	649
			899	1000016_2-B42-W48/L36	649
			899	1000016_2-B42-W50/L30	649
			899	1000016_2-B42-W50/L32	649
			899	1000016_2-B42-W50/L34	649
			899	1000016_2-B42-W50/L36	649
			899	1000016_2-B42-W52/L30	649
			899	1000016_2-B42-W52/L32	649
			899	1000016_2-B42-W52/L34	649
			899	1000016_2-B42-W54/L30	649
			899	1000016_2-B42-W54/L32	649
			899	1000016_2-B42-W54/L34	649
			899	1000016_2-B42-W56/L32	649
			899	1000016_2-B42-W56/L34	649
			899	1000016_2-B42-W58/L32	649
			899	1000016_2-B42-W58/L34	649
			899	1000016_2-B42-W60/L32	649
			899	1000016_2-B42-W60/L34	649
			899	1000016_2-S4R-W30/L30	699
			899	1000016_2-S4R-W30/L32	699
			899	1000016_2-S4R-W30/L34	699
			899	1000016_2-S4R-W31/L30	699
			899	1000016_2-S4R-W31/L32	699
			899	1000016_2-S4R-W31/L34	699
			899	1000016_2-S4R-W32/L30	699
			899	1000016_2-S4R-W32/L32	699
			899	1000016_2-S4R-W32/L34	699
			899	1000016_2-S4R-W32/L36	699
			899	1000016_2-S4R-W33/L30	699
			899	1000016_2-S4R-W33/L32	699
			899	1000016_2-S4R-W33/L34	699
			899	1000016_2-S4R-W33/L36	699
			899	1000016_2-S4R-W34/L30	699
			899	1000016_2-S4R-W34/L32	699
			899	1000016_2-S4R-W34/L34	699
			899	1000016_2-S4R-W34/L36	699
			899	1000016_2-S4R-W35/L30	699
			899	1000016_2-S4R-W35/L34	699
			899	1000016_2-S4R-W35/L36	699
			899	1000016_2-S4R-W36/L30	699
			899	1000016_2-S4R-W36/L32	699
			899	1000016_2-S4R-W36/L34	699
			899	1000016_2-S4R-W36/L36	699
			899	1000016_2-S4R-W38/L30	699
			899	1000016_2-S4R-W38/L32	699
			899	1000016_2-S4R-W38/L34	699
			899	1000016_2-S4R-W38/L36	699
			899	1000016_2-S4R-W40/L30	699
			899	1000016_2-S4R-W40/L32	699
			899	1000016_2-S4R-W40/L34	699
			899	1000016_2-S4R-W40/L36	699
			899	1000016_2-S4R-W42/L34	699
			899	1000016_2-S4R-W44/L34	699
			899	1000016_2-S4R-W46/L32	699
			899	1000016_2-S4R-W46/L34	699
			899	1000016_2-S4R-W46/L36	699
			899	1000016_2-S4R-W48/L34	699
			899	1000016_2-S4R-W48/L36	699
			899	1000016_2-S4R-W50/L32	699
			899	1000016_2-S4R-W50/L34	699
			899	1000016_2-S4R-W50/L36	699
			899	1000016_2-S4R-W52/L30	699
			899	1000016_2-S4R-W52/L34	699
			899	1000016_2-S4R-W54/L34	699
			899	1000016_2-S4R-W56/L30	699
			899	1000016_2-S4R-W56/L34	699
			899	1000016_2-S4R-W58/L34	699
			899	1000016_2-S4R-W60/L32	699
			899	1000016_2-S4R-W60/L34	699
		899	899	1000017_2-BB0	759
		899	899	1000017_2-BB0-W31/L30	759
		899	899	1000017_2-BB0-W31/L32	759
		899	899	1000017_2-BB0-W31/L34	759
		899	899	1000017_2-BB0-W32/L30	759
		899	899	1000017_2-BB0-W32/L32	759
		899	899	1000017_2-BB0-W32/L34	759
		899	899	1000017_2-BB0-W32/L36	759
		899	899	1000017_2-BB0-W33/L32	759
		899	899	1000017_2-BB0-W34/L32	759
		899	899	1000017_2-BB0-W34/L34	759
		899	899	1000017_2-BB0-W34/L36	759
		899	899	1000017_2-BB0-W35/L30	759
		899	899	1000017_2-BB0-W35/L32	759
		899	899	1000017_2-BB0-W35/L34	759
		899	899	1000017_2-BB0-W36/L30	759
		899	899	1000017_2-BB0-W36/L32	759
		899	899	1000017_2-BB0-W36/L34	759
		899	899	1000017_2-BB0-W36/L36	759
		899	899	1000017_2-BB0-W38/L34	759
		899	899	1000017_2-BB0-W40/L30	759
		899	899	1000017_2-BB0-W40/L32	759
		899	899	1000017_2-BB0-W40/L34	759
		899	899	1000017_2-BB0-W42/L32	759
		899	899	1000017_2-BB0-W42/L34	759
		899	899	1000017_2-BB0-W44/L30	759
		899	899	1000017_2-BB0-W48/L34	759
		899	899	1000017_2-BB0-W50/L30	759
		899	899	1000017_2-BBU-W34/L38	759
		899	899	1000017_2-BBU-W36/L38	759
		899	899	1000017_2-BBU-W54/L30	759
		899	899	1000017_2-BBU-W54/L32	759
		899	899	1000017_2-BBU-W56/L32	759
			899	1000017-BBU	759
